{
	"criteria": {
		"submit": {
			"trigger": "minecraft:player_hurt_entity",
			"conditions": {
				"damage": {
					"type": {
						"is_projectile": false,
						"is_lighting": false,
						"is_magic": false,
						"is_fire": false,
						"is_explosion": false
					},
					"source_entity": {
						"type": "minecraft:player",
						"nbt": "{Tags: ['boomber.armor_stand.editor_mage']}"
					}
				},
				"entity": {
					"type": "minecraft:villager",
					"nbt": "{Tags: ['boomber.armor_stand.editor_node']}"
				}
			}
		}
	},
	"rewards": {
		"function": "boomber:armor_stand/event/editor_wand.submit"
	}
}