{
	"type": "minecraft:item",
	"pools": [
		{
			"rolls": 1,
			"entries": [
				{
					"type": "minecraft:item",
					"name": "minecraft:stick",
					"functions": [
						{
							"function": "minecraft:set_name",
							"name": [
								{"text": "Armor Stand Editor Wand", "color": "aqua", "italic": false}
							]
						},
						{
							"function": "minecraft:set_lore",
							"lore": [
								{"text": "Right-click joint to select", "color": "gray", "italic": false}
							]
						},
						{
							"function": "minecraft:set_nbt",
							"tag": "{ucit: {id: \"editor_wand\", from: \"boomber:armor_stand\"}}"
						},
						{
							"function": "minecraft:set_nbt",
							"tag": "{Enchantments: [{id: \"minecraft:protection\", lvl: 0}], HideFlags: 1}"
						}
					]
				}
			]
		}
	]
}